,code,name,lot_size,stock_type,stock_child_type,stock_owner,option_type,strike_time,strike_price,suspension,listing_date,stock_id,delisting,index_option_type,main_contract,last_trade_time,exchange_type
0,US..BFLY,Cboe S&P 500铁蝴蝶指数,0,IDX,N/A,,N/A,,N/A,N/A,1970-01-01,77768973045487,False,N/A,False,,US_NYSE
1,US..BKX,KBW银行指数,1,IDX,N/A,,N/A,,N/A,N/A,1970-01-01,79323751208280,False,N/A,False,,US_NASDAQ
2,US..BPVIX,Cboe/CME FX英镑波动率指数,0,IDX,N/A,,N/A,,N/A,N/A,1970-01-01,77768973045488,False,N/A,False,,US_NYSE
3,US..BSZ,SPX Binary Underlying,0,IDX,N/A,,N/A,,N/A,N/A,1970-01-01,77768973045489,False,N/A,False,,US_NYSE
4,US..BVZ,VIX Binary Underlying,0,IDX,N/A,,N/A,,N/A,N/A,1970-01-01,77768973045490,False,N/A,False,,US_NYSE
5,US..BXD,DJIA 买股卖权,0,IDX,N/A,,N/A,,N/A,N/A,1970-01-01,77768973045491,False,N/A,False,,US_NYSE
6,US..BXEA,Cboe MSCI EAFE买股卖权指数,0,IDX,N/A,,N/A,,N/A,N/A,1970-01-01,77768973045492,False,N/A,False,,US_NYSE
7,US..BXEF,Cboe MSCI新兴市场股票回购指数,0,IDX,N/A,,N/A,,N/A,N/A,1970-01-01,77768973045493,False,N/A,False,,US_NYSE
8,US..BXM,买股卖权-月,0,IDX,N/A,,N/A,,N/A,N/A,1970-01-01,77768973045494,False,N/A,False,,US_NYSE
9,US..BXMC,Cboe S&P 500 有条件买股卖权指数,0,IDX,N/A,,N/A,,N/A,N/A,1970-01-01,77768973045495,False,N/A,False,,US_NYSE
10,US..BXMD,Cboe S&P 500 30-Delta买股卖权指数,0,IDX,N/A,,N/A,,N/A,N/A,1970-01-01,77768973045496,False,N/A,False,,US_NYSE
11,US..BXMW,Cboe S&P 500 多周买股卖权指数,0,IDX,N/A,,N/A,,N/A,N/A,1970-01-01,77768973045497,False,N/A,False,,US_NYSE
12,US..BXN,NASDAQ 100 买股卖权,0,IDX,N/A,,N/A,,N/A,N/A,1970-01-01,77768973045498,False,N/A,False,,US_NYSE
13,US..BXNT,Cboe NASDAQ-100 买股卖权指数V2,0,IDX,N/A,,N/A,,N/A,N/A,1970-01-01,77768973045499,False,N/A,False,,US_NYSE
14,US..BXO,Reduced Value BXM,0,IDX,N/A,,N/A,,N/A,N/A,1970-01-01,77768973045500,False,N/A,False,,US_NYSE
15,US..BXR,Cboe罗素2000买股卖权,0,IDX,N/A,,N/A,,N/A,N/A,1970-01-01,77768973045501,False,N/A,False,,US_NYSE
16,US..BXRC,Cboe罗素2000有条件买股卖权指数,0,IDX,N/A,,N/A,,N/A,N/A,1970-01-01,77768973045502,False,N/A,False,,US_NYSE
17,US..BXRD,Cboe罗素2000 30-Delta 买股卖权指数,0,IDX,N/A,,N/A,,N/A,N/A,1970-01-01,77768973045503,False,N/A,False,,US_NYSE
18,US..BXRT,Cboe罗素2000 30-Delta 买股卖权指数V2,0,IDX,N/A,,N/A,,N/A,N/A,1970-01-01,77768973045504,False,N/A,False,,US_NYSE
19,US..BXRVT,Cboe 罗素2000买股卖权指数,0,IDX,N/A,,N/A,,N/A,N/A,1970-01-01,77768973045505,False,N/A,False,,US_NYSE
20,US..BXY,Cboe S&P 500 Buy Write 2% OTM,0,IDX,N/A,,N/A,,N/A,N/A,1970-01-01,77768973045506,False,N/A,False,,US_NYSE
21,US..BYB,Morgan Stanley 8% Targeted Income STARS Cboe S&P 500 BuyWrite Index Nev,0,IDX,N/A,,N/A,,N/A,N/A,1970-01-01,77768973045507,False,N/A,False,,US_NYSE
22,US..BYC,Morgan Stanley 0% STARS Cboe S&P 500 BuyWrite Index,0,IDX,N/A,,N/A,,N/A,N/A,1970-01-01,77768973045508,False,N/A,False,,US_NYSE
23,US..CELS,纳斯达克清洁绿能指数,1,IDX,N/A,,N/A,,N/A,N/A,1970-01-01,81561429177086,False,N/A,False,,US_NASDAQ
24,US..CEX,Standard & Poor's Chemicals Index,0,IDX,N/A,,N/A,,N/A,N/A,1970-01-01,77768973045806,False,N/A,False,,US_NYSE
25,US..CEXX,纳斯达克清洁绿能指数 (净总回报),1,IDX,N/A,,N/A,,N/A,N/A,1970-01-01,81561429177087,False,N/A,False,,US_NASDAQ
26,US..CLL,Cboe Collar 95-110 Index,0,IDX,N/A,,N/A,,N/A,N/A,1970-01-01,77768973045509,False,N/A,False,,US_NYSE
27,US..CLLZ,Cboe S&P 500 Zero-Cost Put Spread Collar Index,0,IDX,N/A,,N/A,,N/A,N/A,1970-01-01,77768973045510,False,N/A,False,,US_NYSE
28,US..CMBO,Cboe S&P 500覆盖组合指数,0,IDX,N/A,,N/A,,N/A,N/A,1970-01-01,77768973045511,False,N/A,False,,US_NYSE
29,US..CNDR,Cboe S&P 500 铁秃鹰指数,0,IDX,N/A,,N/A,,N/A,N/A,1970-01-01,77768973045512,False,N/A,False,,US_NYSE
30,US..CXU,U.S.-Europe-Japan Basket,0,IDX,N/A,,N/A,,N/A,N/A,1970-01-01,77768973045513,False,N/A,False,,US_NYSE
31,US..DDA,Cboe Jumbo DJ Volatility Ask,0,IDX,N/A,,N/A,,N/A,N/A,1970-01-01,77768973045514,False,N/A,False,,US_NYSE
32,US..DDB,Cboe Jumbo DJ Volatility Bid,0,IDX,N/A,,N/A,,N/A,N/A,1970-01-01,77768973045515,False,N/A,False,,US_NYSE
33,US..DDLEV,Dynamic Daily Long Exposure to Volatility Index,0,IDX,N/A,,N/A,,N/A,N/A,1970-01-01,77768973045801,False,N/A,False,,US_NYSE
34,US..DDSEV,Dynamic Daily Short Exposure to Volatility Index,0,IDX,N/A,,N/A,,N/A,N/A,1970-01-01,77768973045802,False,N/A,False,,US_NYSE
35,US..DEY,Morgan Stanley STARS Dow Jones BuyWrite Index,0,IDX,N/A,,N/A,,N/A,N/A,1970-01-01,77768973045516,False,N/A,False,,US_NYSE
36,US..DIB,Morgan Stanley Targeted Income STARS Dow Jones BuyWrite Index,0,IDX,N/A,,N/A,,N/A,N/A,1970-01-01,77768973045517,False,N/A,False,,US_NYSE
37,US..DJI,道琼斯指数,1,IDX,N/A,,N/A,,N/A,N/A,1970-01-01,200001,False,N/A,False,,N/A
38,US..DJR,道琼斯股票房地产投资信托指数,0,IDX,N/A,,N/A,,N/A,N/A,1970-01-01,77768973045807,False,N/A,False,,US_NYSE
39,US..DJS,DJIA 1/100th结算指数,0,IDX,N/A,,N/A,,N/A,N/A,1970-01-01,77768973045518,False,N/A,False,,US_NYSE
40,US..DJT,道琼斯交通运输平均指数,0,IDX,N/A,,N/A,,N/A,N/A,1970-01-01,213278,False,N/A,False,,N/A
41,US..DJU,道琼斯公用事业平均指数,0,IDX,N/A,,N/A,,N/A,N/A,1970-01-01,213279,False,N/A,False,,N/A
42,US..DJUS,道琼斯美国指数,0,IDX,N/A,,N/A,,N/A,N/A,1970-01-01,213280,False,N/A,False,,N/A
43,US..DJUSAE,道琼斯美国航空航天与国防指数,0,IDX,N/A,,N/A,,N/A,N/A,1970-01-01,213281,False,N/A,False,,N/A
44,US..DJUSAF,Dow Jones US Delivery Services Index,0,IDX,N/A,,N/A,,N/A,N/A,1970-01-01,213282,False,N/A,False,,N/A
45,US..DJUSAG,Dow Jones US Asset Managers Index,0,IDX,N/A,,N/A,,N/A,N/A,1970-01-01,213283,False,N/A,False,,N/A
46,US..DJUSAI,道琼斯美国电子设备指数,0,IDX,N/A,,N/A,,N/A,N/A,1970-01-01,213284,False,N/A,False,,N/A
47,US..DJUSAL,道琼斯美铝指数,0,IDX,N/A,,N/A,,N/A,N/A,1970-01-01,213285,False,N/A,False,,N/A
48,US..DJUSAM,道琼斯美国医疗器械指数,0,IDX,N/A,,N/A,,N/A,N/A,1970-01-01,213286,False,N/A,False,,N/A
49,US..DJUSAP,道琼斯美国汽车零部件指数,0,IDX,N/A,,N/A,,N/A,N/A,1970-01-01,213287,False,N/A,False,,N/A
50,US..DJUSAR,道琼斯美国航空指数,0,IDX,N/A,,N/A,,N/A,N/A,1970-01-01,213288,False,N/A,False,,N/A
51,US..DJUSAS,道琼斯美国航空航天指数,0,IDX,N/A,,N/A,,N/A,N/A,1970-01-01,213289,False,N/A,False,,N/A
52,US..DJUSAT,道琼斯美国汽车零部件指数,0,IDX,N/A,,N/A,,N/A,N/A,1970-01-01,213290,False,N/A,False,,N/A
53,US..DJUSAU,道琼斯美国汽车指数,0,IDX,N/A,,N/A,,N/A,N/A,1970-01-01,213291,False,N/A,False,,N/A
54,US..DJUSAV,道琼斯美国媒体代理指数,0,IDX,N/A,,N/A,,N/A,N/A,1970-01-01,213292,False,N/A,False,,N/A
55,US..DJUSBC,道琼斯美国广播娱乐指数,0,IDX,N/A,,N/A,,N/A,N/A,1970-01-01,213293,False,N/A,False,,N/A
56,US..DJUSBD,道琼斯美国建筑材料及灯具指数,0,IDX,N/A,,N/A,,N/A,N/A,1970-01-01,213294,False,N/A,False,,N/A
57,US..DJUSBE,Dow Jones US Business Training & Employment Agencies Index,0,IDX,N/A,,N/A,,N/A,N/A,1970-01-01,213295,False,N/A,False,,N/A
58,US..DJUSBK,道琼斯美国银行指数,0,IDX,N/A,,N/A,,N/A,N/A,1970-01-01,213296,False,N/A,False,,N/A
59,US..DJUSBM,道琼斯美国基础材料指数,0,IDX,N/A,,N/A,,N/A,N/A,1970-01-01,213297,False,N/A,False,,N/A
60,US..DJUSBS,道琼斯美国基础资源指数,0,IDX,N/A,,N/A,,N/A,N/A,1970-01-01,213298,False,N/A,False,,N/A
61,US..DJUSBT,道琼斯美国生物技术指数,0,IDX,N/A,,N/A,,N/A,N/A,1970-01-01,213299,False,N/A,False,,N/A
62,US..DJUSBV,道琼斯美国饮料指数,0,IDX,N/A,,N/A,,N/A,N/A,1970-01-01,213300,False,N/A,False,,N/A
63,US..DJUSCA,道琼斯美国赌博指数,0,IDX,N/A,,N/A,,N/A,N/A,1970-01-01,213301,False,N/A,False,,N/A
64,US..DJUSCC,道琼斯美国商品化学品指数,0,IDX,N/A,,N/A,,N/A,N/A,1970-01-01,213302,False,N/A,False,,N/A
65,US..DJUSCF,道琼斯美国服装配饰指数,0,IDX,N/A,,N/A,,N/A,N/A,1970-01-01,213303,False,N/A,False,,N/A
66,US..DJUSCG,道琼斯美国旅游休闲指数,0,IDX,N/A,,N/A,,N/A,N/A,1970-01-01,213304,False,N/A,False,,N/A
67,US..DJUSCH,道琼斯美国化学品指数,0,IDX,N/A,,N/A,,N/A,N/A,1970-01-01,213305,False,N/A,False,,N/A
68,US..DJUSCL,道琼斯美国煤炭指数,0,IDX,N/A,,N/A,,N/A,N/A,1970-01-01,213306,False,N/A,False,,N/A
69,US..DJUSCM,道琼斯美国个人产品指数,0,IDX,N/A,,N/A,,N/A,N/A,1970-01-01,213307,False,N/A,False,,N/A
70,US..DJUSCN,道琼斯美国建筑材料指数,0,IDX,N/A,,N/A,,N/A,N/A,1970-01-01,213308,False,N/A,False,,N/A
71,US..DJUSCP,道琼斯美国集装箱和包装指数,0,IDX,N/A,,N/A,,N/A,N/A,1970-01-01,213309,False,N/A,False,,N/A
72,US..DJUSCR,道琼斯美国计算机硬件指数,0,IDX,N/A,,N/A,,N/A,N/A,1970-01-01,213310,False,N/A,False,,N/A
73,US..DJUSCS,道琼斯美国专业消费者服务指数,0,IDX,N/A,,N/A,,N/A,N/A,1970-01-01,213311,False,N/A,False,,N/A
74,US..DJUSCT,道琼斯美国电讯设备指数,0,IDX,N/A,,N/A,,N/A,N/A,1970-01-01,213312,False,N/A,False,,N/A
75,US..DJUSCX,道琼斯美国特种化学品指数,0,IDX,N/A,,N/A,,N/A,N/A,1970-01-01,213313,False,N/A,False,,N/A
76,US..DJUSCY,道琼斯美国消费者服务指数,0,IDX,N/A,,N/A,,N/A,N/A,1970-01-01,213314,False,N/A,False,,N/A
77,US..DJUSDB,道琼斯美国酿酒商指数,0,IDX,N/A,,N/A,,N/A,N/A,1970-01-01,213315,False,N/A,False,,N/A
78,US..DJUSDN,道琼斯美国国防指数,0,IDX,N/A,,N/A,,N/A,N/A,1970-01-01,213316,False,N/A,False,,N/A
79,US..DJUSDR,道琼斯美国食品和药物零售商指数,0,IDX,N/A,,N/A,,N/A,N/A,1970-01-01,213317,False,N/A,False,,N/A
80,US..DJUSDS,道琼斯美国工业供应商指数,0,IDX,N/A,,N/A,,N/A,N/A,1970-01-01,213318,False,N/A,False,,N/A
81,US..DJUSDT,Dow Jones US Diversified REITs,0,IDX,N/A,,N/A,,N/A,N/A,1970-01-01,213319,False,N/A,False,,N/A
82,US..DJUSDV,道琼斯美国计算机服务指数,0,IDX,N/A,,N/A,,N/A,N/A,1970-01-01,213320,False,N/A,False,,N/A
83,US..DJUSEC,道琼斯美国电气元件及设备指数,0,IDX,N/A,,N/A,,N/A,N/A,1970-01-01,213321,False,N/A,False,,N/A
84,US..DJUSEE,道琼斯美国电子电气设备指数,0,IDX,N/A,,N/A,,N/A,N/A,1970-01-01,213322,False,N/A,False,,N/A
85,US..DJUSEH,道琼斯美国房地产控股与发展指数,0,IDX,N/A,,N/A,,N/A,N/A,1970-01-01,213323,False,N/A,False,,N/A
86,US..DJUSEN,道琼斯美国石油和天然气指数,0,IDX,N/A,,N/A,,N/A,N/A,1970-01-01,213324,False,N/A,False,,N/A
87,US..DJUSES,道琼斯美国房地产服务指数,0,IDX,N/A,,N/A,,N/A,N/A,1970-01-01,213325,False,N/A,False,,N/A
88,US..DJUSEU,道琼斯美国电力指数,0,IDX,N/A,,N/A,,N/A,N/A,1970-01-01,213326,False,N/A,False,,N/A
89,US..DJUSFA,Dow Jones US Financial Administration Index,0,IDX,N/A,,N/A,,N/A,N/A,1970-01-01,213327,False,N/A,False,,N/A
90,US..DJUSFB,道琼斯美国食品和饮料指数,0,IDX,N/A,,N/A,,N/A,N/A,1970-01-01,213328,False,N/A,False,,N/A
91,US..DJUSFC,道琼斯美国固定电话电讯指数,0,IDX,N/A,,N/A,,N/A,N/A,1970-01-01,213329,False,N/A,False,,N/A
92,US..DJUSFD,道琼斯美国食品零售商和批发商指数,0,IDX,N/A,,N/A,,N/A,N/A,1970-01-01,213330,False,N/A,False,,N/A
93,US..DJUSFE,道琼斯美国工业机械指数,0,IDX,N/A,,N/A,,N/A,N/A,1970-01-01,213331,False,N/A,False,,N/A
94,US..DJUSFH,道琼斯美国家具指数,0,IDX,N/A,,N/A,,N/A,N/A,1970-01-01,213332,False,N/A,False,,N/A
95,US..DJUSFI,道琼斯美国金融服务指数,0,IDX,N/A,,N/A,,N/A,N/A,1970-01-01,213333,False,N/A,False,,N/A
96,US..DJUSFN,道琼斯美国金融指数,0,IDX,N/A,,N/A,,N/A,N/A,1970-01-01,213334,False,N/A,False,,N/A
97,US..DJUSFO,道琼斯美国食品生产商指数,0,IDX,N/A,,N/A,,N/A,N/A,1970-01-01,213335,False,N/A,False,,N/A
98,US..DJUSFP,道琼斯美国食品指数,0,IDX,N/A,,N/A,,N/A,N/A,1970-01-01,213336,False,N/A,False,,N/A
99,US..DJUSFR,道琼斯美国林业与纸业指数,0,IDX,N/A,,N/A,,N/A,N/A,1970-01-01,213337,False,N/A,False,,N/A
100,US..DJUSFT,道琼斯美国鞋业指数,0,IDX,N/A,,N/A,,N/A,N/A,1970-01-01,213338,False,N/A,False,,N/A
101,US..DJUSFV,道琼斯美国金融服务综合指数,0,IDX,N/A,,N/A,,N/A,N/A,1970-01-01,213339,False,N/A,False,,N/A
102,US..DJUSGF,道琼斯美国通用财务指数,0,IDX,N/A,,N/A,,N/A,N/A,1970-01-01,213340,False,N/A,False,,N/A
103,US..DJUSGI,道琼斯美国通用工业指数,0,IDX,N/A,,N/A,,N/A,N/A,1970-01-01,213341,False,N/A,False,,N/A
104,US..DJUSGL,Dow Jones US Large-Cap Growth Index,0,IDX,N/A,,N/A,,N/A,N/A,1970-01-01,213342,False,N/A,False,,N/A
105,US..DJUSGM,Dow Jones US Mid-Cap Growth Index,0,IDX,N/A,,N/A,,N/A,N/A,1970-01-01,213343,False,N/A,False,,N/A
106,US..DJUSGR,道琼斯美国增长指数,0,IDX,N/A,,N/A,,N/A,N/A,1970-01-01,213344,False,N/A,False,,N/A
107,US..DJUSGS,Dow Jones US Small-Cap Growth Index,0,IDX,N/A,,N/A,,N/A,N/A,1970-01-01,213345,False,N/A,False,,N/A
108,US..DJUSGT,道琼斯美国综合零售商指数,0,IDX,N/A,,N/A,,N/A,N/A,1970-01-01,213346,False,N/A,False,,N/A
109,US..DJUSGU,道琼斯美国天然气分布指数,0,IDX,N/A,,N/A,,N/A,N/A,1970-01-01,213347,False,N/A,False,,N/A
110,US..DJUSHB,道琼斯美国家居建筑指数,0,IDX,N/A,,N/A,,N/A,N/A,1970-01-01,213348,False,N/A,False,,N/A
111,US..DJUSHC,道琼斯美国医疗保健指数,0,IDX,N/A,,N/A,,N/A,N/A,1970-01-01,213349,False,N/A,False,,N/A
112,US..DJUSHD,道琼斯美国耐用家用产品指数,0,IDX,N/A,,N/A,,N/A,N/A,1970-01-01,213350,False,N/A,False,,N/A
113,US..DJUSHG,道琼斯美国家庭用品指数,0,IDX,N/A,,N/A,,N/A,N/A,1970-01-01,213351,False,N/A,False,,N/A
114,US..DJUSHI,道琼斯美国家居零售商指数,0,IDX,N/A,,N/A,,N/A,N/A,1970-01-01,213352,False,N/A,False,,N/A
115,US..DJUSHL,Dow Jones US Hotel & Lodging REITs Index,0,IDX,N/A,,N/A,,N/A,N/A,1970-01-01,213353,False,N/A,False,,N/A
116,US..DJUSHN,道琼斯美国无保障住户产品指数,0,IDX,N/A,,N/A,,N/A,N/A,1970-01-01,213354,False,N/A,False,,N/A
117,US..DJUSHP,道琼斯美国医疗保健提供者指数,0,IDX,N/A,,N/A,,N/A,N/A,1970-01-01,213355,False,N/A,False,,N/A
118,US..DJUSHR,道琼斯美国商用车辆和卡车指数,0,IDX,N/A,,N/A,,N/A,N/A,1970-01-01,213356,False,N/A,False,,N/A
119,US..DJUSHV,道琼斯美国重型建筑指数,0,IDX,N/A,,N/A,,N/A,N/A,1970-01-01,213357,False,N/A,False,,N/A
120,US..DJUSIB,道琼斯美国保险经纪人指数,0,IDX,N/A,,N/A,,N/A,N/A,1970-01-01,213358,False,N/A,False,,N/A
121,US..DJUSID,道琼斯美国多元化工业指数,0,IDX,N/A,,N/A,,N/A,N/A,1970-01-01,213359,False,N/A,False,,N/A
122,US..DJUSIF,道琼斯美国全线保险指数,0,IDX,N/A,,N/A,,N/A,N/A,1970-01-01,213360,False,N/A,False,,N/A
123,US..DJUSIG,道琼斯美国工业产品与服务,0,IDX,N/A,,N/A,,N/A,N/A,1970-01-01,213361,False,N/A,False,,N/A
124,US..DJUSIL,道琼斯美国人寿保险指数,0,IDX,N/A,,N/A,,N/A,N/A,1970-01-01,213362,False,N/A,False,,N/A
125,US..DJUSIM,道琼斯美国工业金属指数,0,IDX,N/A,,N/A,,N/A,N/A,1970-01-01,213363,False,N/A,False,,N/A
126,US..DJUSIN,道琼斯美国工业指数,0,IDX,N/A,,N/A,,N/A,N/A,1970-01-01,213364,False,N/A,False,,N/A
127,US..DJUSIO,道琼斯美国工业和房地产信托指数,0,IDX,N/A,,N/A,,N/A,N/A,1970-01-01,213365,False,N/A,False,,N/A
128,US..DJUSIP,道琼斯美国财险保险指数,0,IDX,N/A,,N/A,,N/A,N/A,1970-01-01,213366,False,N/A,False,,N/A
129,US..DJUSIQ,道琼斯美国工业工程指数,0,IDX,N/A,,N/A,,N/A,N/A,1970-01-01,213367,False,N/A,False,,N/A
130,US..DJUSIR,道琼斯美国保险指数,0,IDX,N/A,,N/A,,N/A,N/A,1970-01-01,213368,False,N/A,False,,N/A
131,US..DJUSIS,道琼斯美国支持服务指数,0,IDX,N/A,,N/A,,N/A,N/A,1970-01-01,213369,False,N/A,False,,N/A
132,US..DJUSIT,道琼斯美国工业交通指数,0,IDX,N/A,,N/A,,N/A,N/A,1970-01-01,213370,False,N/A,False,,N/A
133,US..DJUSIU,道琼斯美国再保险指数,0,IDX,N/A,,N/A,,N/A,N/A,1970-01-01,213371,False,N/A,False,,N/A
134,US..DJUSIV,道琼斯美国商业支持服务指数,0,IDX,N/A,,N/A,,N/A,N/A,1970-01-01,213372,False,N/A,False,,N/A
135,US..DJUSIX,道琼斯美国非人寿保险指数,0,IDX,N/A,,N/A,,N/A,N/A,1970-01-01,213373,False,N/A,False,,N/A
136,US..DJUSL,道琼斯美国大盘指数,0,IDX,N/A,,N/A,,N/A,N/A,1970-01-01,213374,False,N/A,False,,N/A
137,US..DJUSLE,道琼斯美国休闲用品指数,0,IDX,N/A,,N/A,,N/A,N/A,1970-01-01,213375,False,N/A,False,,N/A
138,US..DJUSLG,道琼斯美国酒店指数,0,IDX,N/A,,N/A,,N/A,N/A,1970-01-01,213376,False,N/A,False,,N/A
139,US..DJUSLW,Dow Jones US Low Cap Index,0,IDX,N/A,,N/A,,N/A,N/A,1970-01-01,213378,False,N/A,False,,N/A
140,US..DJUSM,Dow Jones US Mid Cap Index,0,IDX,N/A,,N/A,,N/A,N/A,1970-01-01,213379,False,N/A,False,,N/A
141,US..DJUSMC,道琼斯美国医疗保健设备及服务指数,0,IDX,N/A,,N/A,,N/A,N/A,1970-01-01,213380,False,N/A,False,,N/A
142,US..DJUSME,道琼斯美国媒体指数,0,IDX,N/A,,N/A,,N/A,N/A,1970-01-01,213381,False,N/A,False,,N/A
143,US..DJUSMF,道琼斯美国抵押贷款融资指数,0,IDX,N/A,,N/A,,N/A,N/A,1970-01-01,213382,False,N/A,False,,N/A
144,US..DJUSMG,道琼斯美国矿业指数,0,IDX,N/A,,N/A,,N/A,N/A,1970-01-01,213383,False,N/A,False,,N/A
145,US..DJUSMR,道琼斯美国抵押房地产信托指数,0,IDX,N/A,,N/A,,N/A,N/A,1970-01-01,213384,False,N/A,False,,N/A
146,US..DJUSMS,道琼斯美国医疗用品指数,0,IDX,N/A,,N/A,,N/A,N/A,1970-01-01,213385,False,N/A,False,,N/A
147,US..DJUSMT,道琼斯美国海运交通指数,0,IDX,N/A,,N/A,,N/A,N/A,1970-01-01,213386,False,N/A,False,,N/A
148,US..DJUSMU,道琼斯美国多功能指数,0,IDX,N/A,,N/A,,N/A,N/A,1970-01-01,213387,False,N/A,False,,N/A
149,US..DJUSNC,道琼斯美国消费品指数,0,IDX,N/A,,N/A,,N/A,N/A,1970-01-01,213388,False,N/A,False,,N/A
150,US..DJUSNF,道琼斯美国有色金属指数,0,IDX,N/A,,N/A,,N/A,N/A,1970-01-01,213389,False,N/A,False,,N/A
151,US..DJUSNG,道琼斯美国个人及家庭用品指数,0,IDX,N/A,,N/A,,N/A,N/A,1970-01-01,213390,False,N/A,False,,N/A
152,US..DJUSNS,道琼斯美国互联网指数,0,IDX,N/A,,N/A,,N/A,N/A,1970-01-01,213391,False,N/A,False,,N/A
153,US..DJUSOE,道琼斯美国电子办公设备指数,0,IDX,N/A,,N/A,,N/A,N/A,1970-01-01,213392,False,N/A,False,,N/A
154,US..DJUSOG,道琼斯美国石油和天然气生产商指数,0,IDX,N/A,,N/A,,N/A,N/A,1970-01-01,213393,False,N/A,False,,N/A
155,US..DJUSOI,道琼斯美国石油设备与服务指数,0,IDX,N/A,,N/A,,N/A,N/A,1970-01-01,213394,False,N/A,False,,N/A
156,US..DJUSOL,道琼斯美国综合油气指数,0,IDX,N/A,,N/A,,N/A,N/A,1970-01-01,213395,False,N/A,False,,N/A
157,US..DJUSOQ,道琼斯美国石油设备，服务与分销指数,0,IDX,N/A,,N/A,,N/A,N/A,1970-01-01,213396,False,N/A,False,,N/A
158,US..DJUSOS,道琼斯美国勘探与生产指数,0,IDX,N/A,,N/A,,N/A,N/A,1970-01-01,213397,False,N/A,False,,N/A
159,US..DJUSPB,道琼斯美国出版指数,0,IDX,N/A,,N/A,,N/A,N/A,1970-01-01,213398,False,N/A,False,,N/A
160,US..DJUSPC,道琼斯美国废物处理服务指数,0,IDX,N/A,,N/A,,N/A,N/A,1970-01-01,213399,False,N/A,False,,N/A
161,US..DJUSPG,道琼斯美国个人商品指数,0,IDX,N/A,,N/A,,N/A,N/A,1970-01-01,213400,False,N/A,False,,N/A
162,US..DJUSPL,道琼斯美国管道指数,0,IDX,N/A,,N/A,,N/A,N/A,1970-01-01,213401,False,N/A,False,,N/A
163,US..DJUSPM,道琼斯美国黄金矿业指数,0,IDX,N/A,,N/A,,N/A,N/A,1970-01-01,213402,False,N/A,False,,N/A
164,US..DJUSPN,道琼斯美国制药与生物技术指数,0,IDX,N/A,,N/A,,N/A,N/A,1970-01-01,213403,False,N/A,False,,N/A
165,US..DJUSPP,道琼斯美国纸业指数,0,IDX,N/A,,N/A,,N/A,N/A,1970-01-01,213404,False,N/A,False,,N/A
166,US..DJUSPR,道琼斯美国医药指数,0,IDX,N/A,,N/A,,N/A,N/A,1970-01-01,213405,False,N/A,False,,N/A
167,US..DJUSRA,道琼斯美国服装零售商指数,0,IDX,N/A,,N/A,,N/A,N/A,1970-01-01,213407,False,N/A,False,,N/A
168,US..DJUSRB,Dow Jones US Broadline Retailers Index,0,IDX,N/A,,N/A,,N/A,N/A,1970-01-01,213408,False,N/A,False,,N/A
169,US..DJUSRD,道琼斯美国药物零售商指数,0,IDX,N/A,,N/A,,N/A,N/A,1970-01-01,213409,False,N/A,False,,N/A
170,US..DJUSRE,Dow Jones US Real Estate Index,0,IDX,N/A,,N/A,,N/A,N/A,1970-01-01,213410,False,N/A,False,,N/A
171,US..DJUSRH,道琼斯美国房地产投资与服务指数,0,IDX,N/A,,N/A,,N/A,N/A,1970-01-01,213411,False,N/A,False,,N/A
172,US..DJUSRI,道琼斯美国房地产投资信托指数,0,IDX,N/A,,N/A,,N/A,N/A,1970-01-01,213412,False,N/A,False,,N/A
173,US..DJUSRL,Dow Jones US Retail REITs Index,0,IDX,N/A,,N/A,,N/A,N/A,1970-01-01,213413,False,N/A,False,,N/A
174,US..DJUSRN,Dow Jones US Residential REITs Index,0,IDX,N/A,,N/A,,N/A,N/A,1970-01-01,213414,False,N/A,False,,N/A
175,US..DJUSRP,道琼斯美国娱乐产品指数,0,IDX,N/A,,N/A,,N/A,N/A,1970-01-01,213415,False,N/A,False,,N/A
176,US..DJUSRQ,道琼斯美国娱乐服务指数,0,IDX,N/A,,N/A,,N/A,N/A,1970-01-01,213416,False,N/A,False,,N/A
177,US..DJUSRR,道琼斯美国铁路指数,0,IDX,N/A,,N/A,,N/A,N/A,1970-01-01,213417,False,N/A,False,,N/A
178,US..DJUSRS,道琼斯美国专业零售商指数,0,IDX,N/A,,N/A,,N/A,N/A,1970-01-01,213418,False,N/A,False,,N/A
179,US..DJUSRT,道琼斯美国零售指数,0,IDX,N/A,,N/A,,N/A,N/A,1970-01-01,213419,False,N/A,False,,N/A
180,US..DJUSRU,道琼斯美国餐馆和酒吧指数,0,IDX,N/A,,N/A,,N/A,N/A,1970-01-01,213420,False,N/A,False,,N/A
181,US..DJUSS,Dow Jones US Small Cap Index,0,IDX,N/A,,N/A,,N/A,N/A,1970-01-01,213421,False,N/A,False,,N/A
182,US..DJUSSB,道琼斯美国投资服务公司,0,IDX,N/A,,N/A,,N/A,N/A,1970-01-01,213422,False,N/A,False,,N/A
183,US..DJUSSC,道琼斯美国半导体指数,0,IDX,N/A,,N/A,,N/A,N/A,1970-01-01,213423,False,N/A,False,,N/A
184,US..DJUSSD,道琼斯美国软饮料指数,0,IDX,N/A,,N/A,,N/A,N/A,1970-01-01,213424,False,N/A,False,,N/A
185,US..DJUSSF,道琼斯美国消费者金融指数,0,IDX,N/A,,N/A,,N/A,N/A,1970-01-01,213425,False,N/A,False,,N/A
186,US..DJUSSP,道琼斯美国专业金融指数,0,IDX,N/A,,N/A,,N/A,N/A,1970-01-01,213426,False,N/A,False,,N/A
187,US..DJUSSR,Dow Jones US Specialty REITs Index,0,IDX,N/A,,N/A,,N/A,N/A,1970-01-01,213427,False,N/A,False,,N/A
188,US..DJUSST,道琼斯美国钢铁指数,0,IDX,N/A,,N/A,,N/A,N/A,1970-01-01,213428,False,N/A,False,,N/A
189,US..DJUSSV,道琼斯美国软件与计算机服务指数,0,IDX,N/A,,N/A,,N/A,N/A,1970-01-01,213429,False,N/A,False,,N/A
190,US..DJUSSW,道琼斯美国软件指数,0,IDX,N/A,,N/A,,N/A,N/A,1970-01-01,213430,False,N/A,False,,N/A
191,US..DJUSTB,道琼斯美国烟草指数,0,IDX,N/A,,N/A,,N/A,N/A,1970-01-01,213431,False,N/A,False,,N/A
192,US..DJUSTC,道琼斯美国高科技指数,0,IDX,N/A,,N/A,,N/A,N/A,1970-01-01,213432,False,N/A,False,,N/A
193,US..DJUSTK,道琼斯美国卡车指数,0,IDX,N/A,,N/A,,N/A,N/A,1970-01-01,213433,False,N/A,False,,N/A
194,US..DJUSTL,道琼斯美国电讯指数,0,IDX,N/A,,N/A,,N/A,N/A,1970-01-01,213434,False,N/A,False,,N/A
195,US..DJUSTP,Dow Jones US Top Cap Index,0,IDX,N/A,,N/A,,N/A,N/A,1970-01-01,213435,False,N/A,False,,N/A
196,US..DJUSTQ,道琼斯美国技术五金设备指数,0,IDX,N/A,,N/A,,N/A,N/A,1970-01-01,213436,False,N/A,False,,N/A
197,US..DJUSTR,道琼斯美轮胎指数,0,IDX,N/A,,N/A,,N/A,N/A,1970-01-01,213437,False,N/A,False,,N/A
198,US..DJUSTS,道琼斯美国运输服务指数,0,IDX,N/A,,N/A,,N/A,N/A,1970-01-01,213438,False,N/A,False,,N/A
199,US..DJUSTT,道琼斯美国旅游与旅游指数,0,IDX,N/A,,N/A,,N/A,N/A,1970-01-01,213439,False,N/A,False,,N/A
200,US..DJUSTY,道琼斯美国玩具指数,0,IDX,N/A,,N/A,,N/A,N/A,1970-01-01,213440,False,N/A,False,,N/A
201,US..DJUSUO,Dow Jones US Gas,0,IDX,N/A,,N/A,,N/A,N/A,1970-01-01,213441,False,N/A,False,,N/A
202,US..DJUSUT,道琼斯美国公用事业指数,0,IDX,N/A,,N/A,,N/A,N/A,1970-01-01,213442,False,N/A,False,,N/A
203,US..DJUSVA,道琼斯美国价值指数,0,IDX,N/A,,N/A,,N/A,N/A,1970-01-01,213443,False,N/A,False,,N/A
204,US..DJUSVE,道琼斯美国常规电力指数,0,IDX,N/A,,N/A,,N/A,N/A,1970-01-01,213444,False,N/A,False,,N/A
205,US..DJUSVL,Dow Jones US Large-Cap Value Index,0,IDX,N/A,,N/A,,N/A,N/A,1970-01-01,213445,False,N/A,False,,N/A
206,US..DJUSVM,Dow Jones US Mid-Cap Value Index,0,IDX,N/A,,N/A,,N/A,N/A,1970-01-01,213446,False,N/A,False,,N/A
207,US..DJUSVN,道琼斯美国酿酒商与葡萄酒指数,0,IDX,N/A,,N/A,,N/A,N/A,1970-01-01,213447,False,N/A,False,,N/A
208,US..DJUSVS,Dow Jones US Small-Cap Value Index,0,IDX,N/A,,N/A,,N/A,N/A,1970-01-01,213448,False,N/A,False,,N/A
209,US..DJUSWC,道琼斯美国移动通信指数,0,IDX,N/A,,N/A,,N/A,N/A,1970-01-01,213449,False,N/A,False,,N/A
210,US..DJUSWU,道琼斯美国水资源指数,0,IDX,N/A,,N/A,,N/A,N/A,1970-01-01,213450,False,N/A,False,,N/A
211,US..DJX,DJIA 1/100th,0,IDX,N/A,,N/A,,N/A,N/A,1970-01-01,77768973045808,False,N/A,False,,US_NYSE
212,US..DLVIX,Dynamic Long VIX Futures Index,0,IDX,N/A,,N/A,,N/A,N/A,1970-01-01,77768973045803,False,N/A,False,,US_NYSE
213,US..DSVIER,Dynamic Short VIX FUtures Index-Excess Return,0,IDX,N/A,,N/A,,N/A,N/A,1970-01-01,77768973045804,False,N/A,False,,US_NYSE
214,US..DSVIX,Dynamic Short VIX Futures Index,0,IDX,N/A,,N/A,,N/A,N/A,1970-01-01,77768973045805,False,N/A,False,,US_NYSE
215,US..DTX,DJTA 1/10th,0,IDX,N/A,,N/A,,N/A,N/A,1970-01-01,77768973045809,False,N/A,False,,US_NYSE
216,US..DUX,DJUA,0,IDX,N/A,,N/A,,N/A,N/A,1970-01-01,77768973045810,False,N/A,False,,US_NYSE
217,US..DVS,S&P 500 Dividend Index-10X,0,IDX,N/A,,N/A,,N/A,N/A,1970-01-01,77768973045811,False,N/A,False,,US_NYSE
218,US..DXL,DJIA 1/10th,0,IDX,N/A,,N/A,,N/A,N/A,1970-01-01,77768973045519,False,N/A,False,,US_NYSE
219,US..EAVOL,Equity Armor Investments VOL 365 Index,0,IDX,N/A,,N/A,,N/A,N/A,1970-01-01,77768973045520,False,N/A,False,,US_NYSE
220,US..ECM,Dow Jones Internet Commerce,0,IDX,N/A,,N/A,,N/A,N/A,1970-01-01,77768973045812,False,N/A,False,,US_NYSE
221,US..EFS,MXEF期权结算价值,0,IDX,N/A,,N/A,,N/A,N/A,1970-01-01,77768973045521,False,N/A,False,,US_NYSE
222,US..ETT,Morgan Stanley STARS S&P 500 BuyWrite Index,0,IDX,N/A,,N/A,,N/A,N/A,1970-01-01,77768973045522,False,N/A,False,,US_NYSE
223,US..ETZ,Morgan Stanley Targeted Income STARS S&P 500 BuyWrite Index,0,IDX,N/A,,N/A,,N/A,N/A,1970-01-01,77768973045523,False,N/A,False,,US_NYSE
224,US..EUVIX,Cboe/CME欧元波动率指数,0,IDX,N/A,,N/A,,N/A,N/A,1970-01-01,77768973045524,False,N/A,False,,US_NYSE
225,US..EVZ,Cboe欧洲货币波动指数,0,IDX,N/A,,N/A,,N/A,N/A,1970-01-01,77768973045525,False,N/A,False,,US_NYSE
226,US..FVX,5年期国库券,0,IDX,N/A,,N/A,,N/A,N/A,1970-01-01,77768973045526,False,N/A,False,,US_NYSE
227,US..GVX,Cboe/COMEX黄金波动指数,0,IDX,N/A,,N/A,,N/A,N/A,1970-01-01,77768973045527,False,N/A,False,,US_NYSE
228,US..GVZ,Cboe黄金波动指数,0,IDX,N/A,,N/A,,N/A,N/A,1970-01-01,77768973045528,False,N/A,False,,US_NYSE
229,US..HCIADR,国企指数ADR,1,IDX,N/A,,N/A,,N/A,N/A,1970-01-01,215298,False,N/A,False,,US_NYSE
230,US..HSIADR,恒生指数ADR,1,IDX,N/A,,N/A,,N/A,N/A,1970-01-01,215297,False,N/A,False,,US_NYSE
231,US..HXC,纳斯达克中国金龙指数,1,IDX,N/A,,N/A,,N/A,N/A,1970-01-01,81561429177084,False,N/A,False,,US_NASDAQ
232,US..HXCNTR,纳斯达克中国金龙指数 (净总回报),1,IDX,N/A,,N/A,,N/A,N/A,1970-01-01,81561429177085,False,N/A,False,,US_NASDAQ
233,US..IBHY,iBoxx iShares美元高收益公司债券指数,0,IDX,N/A,,N/A,,N/A,N/A,1970-01-01,77768973045529,False,N/A,False,,US_NYSE
234,US..IBIG,iBoxx iShares美元投资级公司债券指数,0,IDX,N/A,,N/A,,N/A,N/A,1970-01-01,77768973045530,False,N/A,False,,US_NYSE
235,US..ICJ,2015年1月芝加哥期权交易所标普500相关指数,0,IDX,N/A,,N/A,,N/A,N/A,1970-01-01,77768973045531,False,N/A,False,,US_NYSE
236,US..IRX,芝加哥期权交易所短期利率指数,0,IDX,N/A,,N/A,,N/A,N/A,1970-01-01,77768973045532,False,N/A,False,,US_NYSE
237,US..IXIC,纳斯达克综合指数,1,IDX,N/A,,N/A,,N/A,N/A,1970-01-01,200002,False,N/A,False,,US_NASDAQ
238,US..JYVIX,芝加哥期权交易所/芝加哥商业交易所日元汇率波动指数,0,IDX,N/A,,N/A,,N/A,N/A,1970-01-01,77768973045534,False,N/A,False,,US_NYSE
239,US..KCJ,2017年1月芝加哥期权交易所标普500相关指数,0,IDX,N/A,,N/A,,N/A,N/A,1970-01-01,77768973045535,False,N/A,False,,US_NYSE
240,US..LOVOL,芝加哥期权交易所低波动指数,0,IDX,N/A,,N/A,,N/A,N/A,1970-01-01,77768973045536,False,N/A,False,,US_NYSE
241,US..MHDP,Miller Howard Strategic Dividend Index Price Return,0,IDX,N/A,,N/A,,N/A,N/A,1970-01-01,77768973045795,False,N/A,False,,US_NYSE
242,US..MHDT,Miller Howard Strategic Dividend Index Total Return,0,IDX,N/A,,N/A,,N/A,N/A,1970-01-01,77768973045796,False,N/A,False,,US_NYSE
243,US..MLPMH,Miller Howard MLP Fundamental Index Total Return,0,IDX,N/A,,N/A,,N/A,N/A,1970-01-01,77768973045797,False,N/A,False,,US_NYSE
244,US..MLPMP,Miller Howard MLP Fundamental Index Price Return,0,IDX,N/A,,N/A,,N/A,N/A,1970-01-01,77768973045798,False,N/A,False,,US_NYSE
245,US..MNX,芝加哥期权交易所Mini NASDAQ-100指数期权,0,IDX,N/A,,N/A,,N/A,N/A,1970-01-01,77768973045537,False,N/A,False,,US_NYSE
246,US..MSQ,摩根士丹利方差3x6美国指数,0,IDX,N/A,,N/A,,N/A,N/A,1970-01-01,77768973045538,False,N/A,False,,US_NYSE
247,US..MSV,芝加哥期权交易所摩根士丹利美国投资组合内在价值篮子,0,IDX,N/A,,N/A,,N/A,N/A,1970-01-01,77768973045539,False,N/A,False,,US_NYSE
248,US..MSX,摩根士丹利风格精选日本权益净值指数,0,IDX,N/A,,N/A,,N/A,N/A,1970-01-01,77768973045540,False,N/A,False,,US_NYSE
249,US..MXEA,MSCI EAFE指数,0,IDX,N/A,,N/A,,N/A,N/A,1970-01-01,77768973045799,False,N/A,False,,US_NYSE
250,US..MXS,MXEA期权结算价值(CSMI & MSCI信道),0,IDX,N/A,,N/A,,N/A,N/A,1970-01-01,77768973045541,False,N/A,False,,US_NYSE
251,US..NDX,纳斯达克100指数,0,IDX,N/A,,N/A,,N/A,N/A,1970-01-01,213270,False,N/A,False,,N/A
252,US..NHT,摩根士丹利明星（NBXZ）芝加哥期权交易所纳斯达克100指数,0,IDX,N/A,,N/A,,N/A,N/A,1970-01-01,77768973045542,False,N/A,False,,US_NYSE
253,US..OET,标普100指数结算,0,IDX,N/A,,N/A,,N/A,N/A,1970-01-01,77768973045543,False,N/A,False,,US_NYSE
254,US..OEX,标普100,0,IDX,N/A,,N/A,,N/A,N/A,1970-01-01,77768973045813,False,N/A,False,,US_NYSE
255,US..OIV,芝加哥期权交易所/纽约商品交易所WTI波动指数,0,IDX,N/A,,N/A,,N/A,N/A,1970-01-01,77768973045544,False,N/A,False,,US_NYSE
256,US..OSX,PHLX石油服务类股指数,1,IDX,N/A,,N/A,,N/A,N/A,1970-01-01,79323751208282,False,N/A,False,,US_NASDAQ
257,US..OVX,芝加哥期权交易所原油波动指数,0,IDX,N/A,,N/A,,N/A,N/A,1970-01-01,77768973045545,False,N/A,False,,US_NYSE
258,US..PCJ,花旗BXM Pistons投资净值,0,IDX,N/A,,N/A,,N/A,N/A,1970-01-01,77768973045546,False,N/A,False,,US_NYSE
259,US..PPUT,芝加哥期权交易所标普500 5%看跌保护指数,0,IDX,N/A,,N/A,,N/A,N/A,1970-01-01,77768973045547,False,N/A,False,,US_NYSE
260,US..PUT,芝加哥期权交易所卖出认沽期权指数,0,IDX,N/A,,N/A,,N/A,N/A,1970-01-01,77768973045548,False,N/A,False,,US_NYSE
261,US..PUTY,芝加哥期权交易所标普500 2%OTM卖出认沽期权指数,0,IDX,N/A,,N/A,,N/A,N/A,1970-01-01,77768973045549,False,N/A,False,,US_NYSE
262,US..PWT,芝加哥期权交易所标普500卖出认沽期权T-W指数,0,IDX,N/A,,N/A,,N/A,N/A,1970-01-01,77768973045550,False,N/A,False,,US_NYSE
263,US..PXEA,芝加哥期权MSCI EAFE卖出认沽期权指数（CSMI Main & MSCI通道）,0,IDX,N/A,,N/A,,N/A,N/A,1970-01-01,77768973045551,False,N/A,False,,US_NYSE
264,US..PXEF,芝加哥期权MSCI新兴市场卖出认沽期权指数（CSMI Main &MSCI通道）,0,IDX,N/A,,N/A,,N/A,N/A,1970-01-01,77768973045552,False,N/A,False,,US_NYSE
265,US..RLS,罗素2000结算指数,1,IDX,N/A,,N/A,,N/A,N/A,1970-01-01,84073985050918,False,N/A,False,,US_NYSE
266,US..RON,瑞银回报优化指数,0,IDX,N/A,,N/A,,N/A,N/A,1970-01-01,77768973045553,False,N/A,False,,US_NYSE
267,US..RUT,罗素2000指数,1,IDX,N/A,,N/A,,N/A,N/A,1970-01-01,84091164920137,False,N/A,False,,US_NYSE
268,US..RXM,芝加哥期权交易所标普500风险逆转指数,0,IDX,N/A,,N/A,,N/A,N/A,1970-01-01,77768973045554,False,N/A,False,,US_NYSE
269,US..SET,标普500结算指数,1,IDX,N/A,,N/A,,N/A,N/A,1970-01-01,77768973045555,False,N/A,False,,US_NYSE
270,US..SISB,Materials Select Sector Index Settlement Value,0,IDX,N/A,,N/A,,N/A,N/A,1970-01-01,77768973045814,False,N/A,False,,US_NYSE
271,US..SISC,Communication Services Select Sector Index Settlement Value,0,IDX,N/A,,N/A,,N/A,N/A,1970-01-01,77768973045815,False,N/A,False,,US_NYSE
272,US..SISE,Energy Select Sector Index Settlement Value,0,IDX,N/A,,N/A,,N/A,N/A,1970-01-01,77768973045816,False,N/A,False,,US_NYSE
273,US..SISIN,Industrials Select Sector Index Settlement Value,0,IDX,N/A,,N/A,,N/A,N/A,1970-01-01,77768973045817,False,N/A,False,,US_NYSE
274,US..SISM,Financial Select Sector Index Settlement Value,0,IDX,N/A,,N/A,,N/A,N/A,1970-01-01,77768973045818,False,N/A,False,,US_NYSE
275,US..SISR,Consumer Staples Select Sector Index Settlement Value,0,IDX,N/A,,N/A,,N/A,N/A,1970-01-01,77768973045819,False,N/A,False,,US_NYSE
276,US..SISRE,Real Estate Select Sector Index Settlement Value,0,IDX,N/A,,N/A,,N/A,N/A,1970-01-01,77768973045820,False,N/A,False,,US_NYSE
277,US..SIST,Technology Select Sector Index Settlement Value,0,IDX,N/A,,N/A,,N/A,N/A,1970-01-01,77768973045821,False,N/A,False,,US_NYSE
278,US..SISUT,Utilities Select Sector Index Settlement Value,0,IDX,N/A,,N/A,,N/A,N/A,1970-01-01,77768973045822,False,N/A,False,,US_NYSE
279,US..SISV,Health Select Sector Index Settlement Value,0,IDX,N/A,,N/A,,N/A,N/A,1970-01-01,77768973045823,False,N/A,False,,US_NYSE
280,US..SISY,Consumer Discretionary Select Sector Index Settlement Value,0,IDX,N/A,,N/A,,N/A,N/A,1970-01-01,77768973045824,False,N/A,False,,US_NYSE
281,US..SIXB,原物料精选行业指数,0,IDX,N/A,,N/A,,N/A,N/A,1970-01-01,77768973045825,False,N/A,False,,US_NYSE
282,US..SIXC,通讯服务精选行业指数,0,IDX,N/A,,N/A,,N/A,N/A,1970-01-01,77768973045826,False,N/A,False,,US_NYSE
283,US..SIXE,能源精选行业指数,0,IDX,N/A,,N/A,,N/A,N/A,1970-01-01,77768973045827,False,N/A,False,,US_NYSE
284,US..SIXI,工业类股精选板块指数,0,IDX,N/A,,N/A,,N/A,N/A,1970-01-01,77768973045828,False,N/A,False,,US_NYSE
285,US..SIXM,金融精选行业指数,0,IDX,N/A,,N/A,,N/A,N/A,1970-01-01,77768973045829,False,N/A,False,,US_NYSE
286,US..SIXR,主要消费品板块指数,0,IDX,N/A,,N/A,,N/A,N/A,1970-01-01,77768973045830,False,N/A,False,,US_NYSE
287,US..SIXRE,房地产板块精选指数,0,IDX,N/A,,N/A,,N/A,N/A,1970-01-01,77768973045831,False,N/A,False,,US_NYSE
288,US..SIXT,科技精选行业指数,0,IDX,N/A,,N/A,,N/A,N/A,1970-01-01,77768973045832,False,N/A,False,,US_NYSE
289,US..SIXU,公用事业精选行业指数,0,IDX,N/A,,N/A,,N/A,N/A,1970-01-01,77768973045833,False,N/A,False,,US_NYSE
290,US..SIXV,健康精选指数,0,IDX,N/A,,N/A,,N/A,N/A,1970-01-01,77768973045834,False,N/A,False,,US_NYSE
291,US..SIXY,非必需消费品精选行业指数,0,IDX,N/A,,N/A,,N/A,N/A,1970-01-01,77768973045835,False,N/A,False,,US_NYSE
292,US..SKEW,芝加哥期权交易所SKEW指数,0,IDX,N/A,,N/A,,N/A,N/A,1970-01-01,77768973045556,False,N/A,False,,US_NYSE
293,US..SMILE,标普500微笑指数,0,IDX,N/A,,N/A,,N/A,N/A,1970-01-01,77768973045557,False,N/A,False,,US_NYSE
294,US..SMLCW,芝加哥期权交易所- SMA周线大盘多头指数,0,IDX,N/A,,N/A,,N/A,N/A,1970-01-01,77768973045558,False,N/A,False,,US_NYSE
295,US..SOX,费城半导体指数,1,IDX,N/A,,N/A,,N/A,N/A,1970-01-01,79323751208283,False,N/A,False,,US_NASDAQ
296,US..SP10R90P,标普500 10%每日风险控制90%看跌保护指数(NTR),0,IDX,N/A,,N/A,,N/A,N/A,1970-01-01,77768973045559,False,N/A,False,,US_NYSE
297,US..SP10R95P,标普500 10%每日风险控制95%看跌保护指数(NTR),0,IDX,N/A,,N/A,,N/A,N/A,1970-01-01,77768973045560,False,N/A,False,,US_NYSE
298,US..SP10RC90P,标普500 10%每日风险控制90%看跌保护综合指数(NTR),0,IDX,N/A,,N/A,,N/A,N/A,1970-01-01,77768973045561,False,N/A,False,,US_NYSE
299,US..SP10RC95P,标普500 10%每日风险控制95%看跌保护综合指数(NTR),0,IDX,N/A,,N/A,,N/A,N/A,1970-01-01,77768973045562,False,N/A,False,,US_NYSE
300,US..SP18R90P,标普500 18%每日风险控制90%看跌保护指数(NTR),0,IDX,N/A,,N/A,,N/A,N/A,1970-01-01,77768973045563,False,N/A,False,,US_NYSE
301,US..SP18R95P,标普500 18%每日风险控制95%看跌保护指数(NTR),0,IDX,N/A,,N/A,,N/A,N/A,1970-01-01,77768973045564,False,N/A,False,,US_NYSE
302,US..SP18RC90P,标普500 18%每日风险控制90%看跌保护综合指数(NTR),0,IDX,N/A,,N/A,,N/A,N/A,1970-01-01,77768973045565,False,N/A,False,,US_NYSE
303,US..SP18RC95P,标普500 18%每日风险控制95%看跌保护综合指数(NTR),0,IDX,N/A,,N/A,,N/A,N/A,1970-01-01,77768973045566,False,N/A,False,,US_NYSE
304,US..SPAI,芝加哥期权交易所标准普尔500股息贵族目标收入指数,0,IDX,N/A,,N/A,,N/A,N/A,1970-01-01,77768973045567,False,N/A,False,,US_NYSE
305,US..SPATI,芝加哥期权交易所标普500股息贵族目标收入指数月度系列指数,0,IDX,N/A,,N/A,,N/A,N/A,1970-01-01,77768973045568,False,N/A,False,,US_NYSE
306,US..SPCMI,标普完整指数,0,IDX,N/A,,N/A,,N/A,N/A,1970-01-01,213271,False,N/A,False,,N/A
307,US..SPDVXE,标准普尔500指数动态波动率指数期货ER,0,IDX,N/A,,N/A,,N/A,N/A,1970-01-01,77768973045836,False,N/A,False,,US_NYSE
308,US..SPDVXT,标准普尔500指数动态波动率指数期货TR,0,IDX,N/A,,N/A,,N/A,N/A,1970-01-01,77768973045837,False,N/A,False,,US_NYSE
309,US..SPEB01,"芝加哥期权交易所标普500指数上涨2倍，下跌1:1,10%缓冲保护指数1月系列",0,IDX,N/A,,N/A,,N/A,N/A,1970-01-01,77768973045569,False,N/A,False,,US_NYSE
310,US..SPEB04,"芝加哥期权交易所标普500指数上涨2倍，下跌1:1,10%缓冲保护指数4月系列",0,IDX,N/A,,N/A,,N/A,N/A,1970-01-01,77768973045570,False,N/A,False,,US_NYSE
311,US..SPEB07,"芝加哥期权交易所标普500指数上涨2倍，下跌1:1,10%缓冲保护指数6月系列",0,IDX,N/A,,N/A,,N/A,N/A,1970-01-01,77768973045571,False,N/A,False,,US_NYSE
312,US..SPEB10,"芝加哥期权交易所标普500指数上涨2倍，下跌1:1,10%缓冲保护指数10月系列",0,IDX,N/A,,N/A,,N/A,N/A,1970-01-01,77768973045572,False,N/A,False,,US_NYSE
313,US..SPEG01,芝加哥期权交易所标普500 1月增强型增长指数系列,0,IDX,N/A,,N/A,,N/A,N/A,1970-01-01,77768973045573,False,N/A,False,,US_NYSE
314,US..SPEG04,芝加哥期权交易所标普500 4月增强型增长指数系列,0,IDX,N/A,,N/A,,N/A,N/A,1970-01-01,77768973045574,False,N/A,False,,US_NYSE
315,US..SPEG07,芝加哥期权交易所标普500 7月增强型增长指数系列,0,IDX,N/A,,N/A,,N/A,N/A,1970-01-01,77768973045575,False,N/A,False,,US_NYSE
316,US..SPEG10,芝加哥期权交易所标普500 10月增强型增长指数系列,0,IDX,N/A,,N/A,,N/A,N/A,1970-01-01,77768973045576,False,N/A,False,,US_NYSE
317,US..SPEN,芝加哥期权交易所标普500增强型增长平衡指数系列,0,IDX,N/A,,N/A,,N/A,N/A,1970-01-01,77768973045577,False,N/A,False,,US_NYSE
318,US..SPEN01,芝加哥期权交易所标普500 1月增强型增长指数系列,0,IDX,N/A,,N/A,,N/A,N/A,1970-01-01,77768973045578,False,N/A,False,,US_NYSE
319,US..SPEN02,芝加哥期权交易所标普500 2月增强型增长指数系列,0,IDX,N/A,,N/A,,N/A,N/A,1970-01-01,77768973045579,False,N/A,False,,US_NYSE
320,US..SPEN03,芝加哥期权交易所标普500 3月增强型增长指数系列,0,IDX,N/A,,N/A,,N/A,N/A,1970-01-01,77768973045580,False,N/A,False,,US_NYSE
321,US..SPEN04,芝加哥期权交易所标普500 4月增强型增长指数系列,0,IDX,N/A,,N/A,,N/A,N/A,1970-01-01,77768973045581,False,N/A,False,,US_NYSE
322,US..SPEN05,芝加哥期权交易所标普500 5月增强型增长指数系列,0,IDX,N/A,,N/A,,N/A,N/A,1970-01-01,77768973045582,False,N/A,False,,US_NYSE
323,US..SPEN06,芝加哥期权交易所标普500 6月增强型增长指数系列,0,IDX,N/A,,N/A,,N/A,N/A,1970-01-01,77768973045583,False,N/A,False,,US_NYSE
324,US..SPEN07,芝加哥期权交易所标普500 7月增强型增长指数系列,0,IDX,N/A,,N/A,,N/A,N/A,1970-01-01,77768973045584,False,N/A,False,,US_NYSE
325,US..SPEN08,芝加哥期权交易所标普500 8月增强型增长指数系列,0,IDX,N/A,,N/A,,N/A,N/A,1970-01-01,77768973045585,False,N/A,False,,US_NYSE
326,US..SPEN09,芝加哥期权交易所标普500 9月增强型增长指数系列,0,IDX,N/A,,N/A,,N/A,N/A,1970-01-01,77768973045586,False,N/A,False,,US_NYSE
327,US..SPEN10,芝加哥期权交易所标普500 10月增强型增长指数系列,0,IDX,N/A,,N/A,,N/A,N/A,1970-01-01,77768973045587,False,N/A,False,,US_NYSE
328,US..SPEN11,Cboe标准普尔500增强型增长指数11月系列,0,IDX,N/A,,N/A,,N/A,N/A,1970-01-01,77768973045588,False,N/A,False,,US_NYSE
329,US..SPEN12,Cboe标准普尔500增强型增长指数12月系列,0,IDX,N/A,,N/A,,N/A,N/A,1970-01-01,77768973045589,False,N/A,False,,US_NYSE
330,US..SPER18N3,S&P 500 18% Daily Risk Control Covered Call 103% Strike Index (NTR),0,IDX,N/A,,N/A,,N/A,N/A,1970-01-01,77768973045592,False,N/A,False,,US_NYSE
331,US..SPJGBV,S&P/JPX JGB VIX,0,IDX,N/A,,N/A,,N/A,N/A,1970-01-01,77768973045593,False,N/A,False,,US_NYSE
332,US..SPJGBVRT,S&P/JPX JGB VIX Real-Time,0,IDX,N/A,,N/A,,N/A,N/A,1970-01-01,77768973045594,False,N/A,False,,US_NYSE
333,US..SPRF01,Cboe标准普尔500 15%缓冲保护指数1月系列,0,IDX,N/A,,N/A,,N/A,N/A,1970-01-01,77768973045595,False,N/A,False,,US_NYSE
334,US..SPRF04,Cboe标准普尔500 15%缓冲保护指数4月系列,0,IDX,N/A,,N/A,,N/A,N/A,1970-01-01,77768973045596,False,N/A,False,,US_NYSE
335,US..SPRF07,Cboe标准普尔500 15%缓冲保护指数7月系列,0,IDX,N/A,,N/A,,N/A,N/A,1970-01-01,77768973045597,False,N/A,False,,US_NYSE
336,US..SPRF10,Cboe标准普尔500 15%缓冲保护指数10月系列,0,IDX,N/A,,N/A,,N/A,N/A,1970-01-01,77768973045598,False,N/A,False,,US_NYSE
337,US..SPRI,Cboe标准普尔500指数区间保费收入指数,0,IDX,N/A,,N/A,,N/A,N/A,1970-01-01,77768973045599,False,N/A,False,,US_NYSE
338,US..SPRO,Cboe S&P500缓冲保护指数平衡系列,0,IDX,N/A,,N/A,,N/A,N/A,1970-01-01,77768973045600,False,N/A,False,,US_NYSE
339,US..SPRO01,Cboe标准普尔500缓冲保护指数1月系列,0,IDX,N/A,,N/A,,N/A,N/A,1970-01-01,77768973045601,False,N/A,False,,US_NYSE
340,US..SPRO02,Cboe标准普尔500缓冲保护指数2月系列,0,IDX,N/A,,N/A,,N/A,N/A,1970-01-01,77768973045602,False,N/A,False,,US_NYSE
341,US..SPRO03,Cboe标准普尔500缓冲保护指数3月系列,0,IDX,N/A,,N/A,,N/A,N/A,1970-01-01,77768973045603,False,N/A,False,,US_NYSE
342,US..SPRO04,Cboe标准普尔500缓冲保护指数4月系列,0,IDX,N/A,,N/A,,N/A,N/A,1970-01-01,77768973045604,False,N/A,False,,US_NYSE
343,US..SPRO05,Cboe标准普尔500缓冲保护指数5月系列,0,IDX,N/A,,N/A,,N/A,N/A,1970-01-01,77768973045605,False,N/A,False,,US_NYSE
344,US..SPRO06,Cboe标准普尔500缓冲保护指数6月系列,0,IDX,N/A,,N/A,,N/A,N/A,1970-01-01,77768973045606,False,N/A,False,,US_NYSE
345,US..SPRO07,Cboe标准普尔500缓冲保护指数7月系列,0,IDX,N/A,,N/A,,N/A,N/A,1970-01-01,77768973045607,False,N/A,False,,US_NYSE
346,US..SPRO08,Cboe标准普尔500缓冲保护指数8月系列,0,IDX,N/A,,N/A,,N/A,N/A,1970-01-01,77768973045608,False,N/A,False,,US_NYSE
347,US..SPRO09,Cboe标准普尔500缓冲保护指数9月系列,0,IDX,N/A,,N/A,,N/A,N/A,1970-01-01,77768973045609,False,N/A,False,,US_NYSE
348,US..SPRO10,Cboe标准普尔500缓冲保护指数10月系列,0,IDX,N/A,,N/A,,N/A,N/A,1970-01-01,77768973045610,False,N/A,False,,US_NYSE
349,US..SPRO11,Cboe标准普尔500缓冲保护指数11月系列,0,IDX,N/A,,N/A,,N/A,N/A,1970-01-01,77768973045611,False,N/A,False,,US_NYSE
350,US..SPRO12,Cboe标准普尔500缓冲保护指数12月系列,0,IDX,N/A,,N/A,,N/A,N/A,1970-01-01,77768973045612,False,N/A,False,,US_NYSE
351,US..SPRS01,Cboe标准普尔500指数30%（-5%至-35%）缓冲保护指数1月系列,0,IDX,N/A,,N/A,,N/A,N/A,1970-01-01,77768973045613,False,N/A,False,,US_NYSE
352,US..SPRS04,Cboe标准普尔500指数30%（-5%至-35%）缓冲保护指数4月系列,0,IDX,N/A,,N/A,,N/A,N/A,1970-01-01,77768973045614,False,N/A,False,,US_NYSE
353,US..SPRS07,Cboe标准普尔500指数30%（-5%至-35%）缓冲保护指数7月系列,0,IDX,N/A,,N/A,,N/A,N/A,1970-01-01,77768973045615,False,N/A,False,,US_NYSE
354,US..SPRS10,Cboe标准普尔500指数30%（-5%至-35%）缓冲保护指数10月系列,0,IDX,N/A,,N/A,,N/A,N/A,1970-01-01,77768973045616,False,N/A,False,,US_NYSE
355,US..SPVXEP,标准普尔500指数VIX期货增强型滚动指数ER,0,IDX,N/A,,N/A,,N/A,N/A,1970-01-01,77768973045838,False,N/A,False,,US_NYSE
356,US..SPVXET,标准普尔500指数VIX期货增强型滚动指数TR,0,IDX,N/A,,N/A,,N/A,N/A,1970-01-01,77768973045839,False,N/A,False,,US_NYSE
357,US..SPX,标普500指数,1,IDX,N/A,,N/A,,N/A,N/A,1970-01-01,200003,False,N/A,False,,N/A
358,US..SPXR15N2,标普500指数15%每日风险控制覆盖看涨期权102%罢工覆盖指数,0,IDX,N/A,,N/A,,N/A,N/A,1970-01-01,77768973045617,False,N/A,False,,US_NYSE
359,US..SPXR18N3,标普500指数18%每日风险控制覆盖看涨期权103%罢工覆盖指数（NTR）,0,IDX,N/A,,N/A,,N/A,N/A,1970-01-01,77768973045618,False,N/A,False,,US_NYSE
360,US..SRO,标普500区间期权标的指数,0,IDX,N/A,,N/A,,N/A,N/A,1970-01-01,77768973045619,False,N/A,False,,US_NYSE
361,US..SRVIX,Cboe利率波动指数,0,IDX,N/A,,N/A,,N/A,N/A,1970-01-01,77768973045620,False,N/A,False,,US_NYSE
362,US..SUPDN,Cboe标准普尔增强和缓冲指数,0,IDX,N/A,,N/A,,N/A,N/A,1970-01-01,77768973045621,False,N/A,False,,US_NYSE
363,US..SVRO,Cboe标准普尔500短期波动性指数结算价,0,IDX,N/A,,N/A,,N/A,N/A,1970-01-01,77768973045622,False,N/A,False,,US_NYSE
364,US..SVRPO,Cboe标准普尔500市场中性波动风险溢价指数,0,IDX,N/A,,N/A,,N/A,N/A,1970-01-01,77768973045623,False,N/A,False,,US_NYSE
365,US..SWANXT,ARGI黑天鹅核心指数,0,IDX,N/A,,N/A,,N/A,N/A,1970-01-01,77768973045624,False,N/A,False,,US_NYSE
366,US..TNX,Cboe10年期国债利率,0,IDX,N/A,,N/A,,N/A,N/A,1970-01-01,77768973045625,False,N/A,False,,US_NYSE
367,US..TWAV1,Cboe 第一 VIX期货上午15分钟指示性TWAP值,0,IDX,N/A,,N/A,,N/A,N/A,1970-01-01,77768973045626,False,N/A,False,,US_NYSE
368,US..TWAV2,Cboe 第二 VIX期货上午15分钟指示性TWAP值,0,IDX,N/A,,N/A,,N/A,N/A,1970-01-01,77768973045627,False,N/A,False,,US_NYSE
369,US..TWAV3,Cboe 第三 VIX期货上午15分钟指示性TWAP值,0,IDX,N/A,,N/A,,N/A,N/A,1970-01-01,77768973045628,False,N/A,False,,US_NYSE
370,US..TWBV1,Cboe 第一 VIX期货上午3点指示性TWAP值,0,IDX,N/A,,N/A,,N/A,N/A,1970-01-01,77768973045629,False,N/A,False,,US_NYSE
371,US..TWBV2,Cboe 第二 VIX期货上午3点指示性TWAP值,0,IDX,N/A,,N/A,,N/A,N/A,1970-01-01,77768973045630,False,N/A,False,,US_NYSE
372,US..TWBV3,Cboe 第三 VIX期货上午3点指示性TWAP值,0,IDX,N/A,,N/A,,N/A,N/A,1970-01-01,77768973045631,False,N/A,False,,US_NYSE
373,US..TWLV1,Cboe 第一 VIX期货上午中期指示性TWAP价值,0,IDX,N/A,,N/A,,N/A,N/A,1970-01-01,77768973045632,False,N/A,False,,US_NYSE
374,US..TWLV2,Cboe 第二 VIX期货上午中期指示性TWAP价值,0,IDX,N/A,,N/A,,N/A,N/A,1970-01-01,77768973045633,False,N/A,False,,US_NYSE
375,US..TWLV3,Cboe 第三 VIX期货上午中期指示性TWAP价值,1,IDX,N/A,,N/A,,N/A,N/A,1970-01-01,77768973045634,False,N/A,False,,US_NYSE
376,US..TWLV4,Cboe 第四 VIX期货上午中期指示性TWAP价值,1,IDX,N/A,,N/A,,N/A,N/A,1970-01-01,77768973045635,False,N/A,False,,US_NYSE
377,US..TWLV5,Cboe 第五 VIX期货上午中期指示性TWAP价值,0,IDX,N/A,,N/A,,N/A,N/A,1970-01-01,77768973045636,False,N/A,False,,US_NYSE
378,US..TWLV6,Cboe 第六 VIX期货上午中期指示性TWAP价值,0,IDX,N/A,,N/A,,N/A,N/A,1970-01-01,77768973045637,False,N/A,False,,US_NYSE
379,US..TWLV7,Cboe 第七 VIX期货上午中期指示性TWAP价值,1,IDX,N/A,,N/A,,N/A,N/A,1970-01-01,77768973045638,False,N/A,False,,US_NYSE
380,US..TWLV8,Cboe 第八 VIX期货上午中期指示性TWAP价值,0,IDX,N/A,,N/A,,N/A,N/A,1970-01-01,77768973045639,False,N/A,False,,US_NYSE
381,US..TWLV9,Cboe 第九 VIX期货上午中期指示性TWAP价值,0,IDX,N/A,,N/A,,N/A,N/A,1970-01-01,77768973045640,False,N/A,False,,US_NYSE
382,US..TYVIX,Choe/CBOT美国10年期国债波动率指数,0,IDX,N/A,,N/A,,N/A,N/A,1970-01-01,77768973045641,False,N/A,False,,US_NYSE
383,US..TYX,国债收益率30年,0,IDX,N/A,,N/A,,N/A,N/A,1970-01-01,77768973045642,False,N/A,False,,US_NYSE
384,US..UTY,PHLX公共事业类股指数,1,IDX,N/A,,N/A,,N/A,N/A,1970-01-01,79323751208284,False,N/A,False,,US_NASDAQ
385,US..UZF,Cboe VIX 1月期货下午4点EST马克指数,0,IDX,N/A,,N/A,,N/A,N/A,1970-01-01,77768973045643,False,N/A,False,,US_NYSE
386,US..UZG,Cboe VIX 2月期货下午4点EST马克指数,0,IDX,N/A,,N/A,,N/A,N/A,1970-01-01,77768973045644,False,N/A,False,,US_NYSE
387,US..UZH,Cboe VIX 3月期货下午4点EST马克指数,0,IDX,N/A,,N/A,,N/A,N/A,1970-01-01,77768973045645,False,N/A,False,,US_NYSE
388,US..UZJ,Cboe VIX 4月期货下午4点EST马克指数,0,IDX,N/A,,N/A,,N/A,N/A,1970-01-01,77768973045646,False,N/A,False,,US_NYSE
389,US..UZK,Cboe VIX 5月期货下午4点EST马克指数,0,IDX,N/A,,N/A,,N/A,N/A,1970-01-01,77768973045647,False,N/A,False,,US_NYSE
390,US..UZM,Cboe VIX 6月期货下午4点EST马克指数,0,IDX,N/A,,N/A,,N/A,N/A,1970-01-01,77768973045648,False,N/A,False,,US_NYSE
391,US..UZN,Cboe VIX 7月期货下午4点EST马克指数,0,IDX,N/A,,N/A,,N/A,N/A,1970-01-01,77768973045649,False,N/A,False,,US_NYSE
392,US..UZQ,Cboe VIX 8月期货下午4点EST马克指数,0,IDX,N/A,,N/A,,N/A,N/A,1970-01-01,77768973045650,False,N/A,False,,US_NYSE
393,US..UZU,Cboe VIX 9月期货下午4点EST马克指数,0,IDX,N/A,,N/A,,N/A,N/A,1970-01-01,77768973045651,False,N/A,False,,US_NYSE
394,US..UZV,Cboe VIX 10月期货下午4点EST马克指数,0,IDX,N/A,,N/A,,N/A,N/A,1970-01-01,77768973045652,False,N/A,False,,US_NYSE
395,US..UZX,Cboe VIX 11月期货下午4点EST马克指数,0,IDX,N/A,,N/A,,N/A,N/A,1970-01-01,77768973045653,False,N/A,False,,US_NYSE
396,US..UZZ,Cboe VIX 12月期货下午4点EST马克指数,0,IDX,N/A,,N/A,,N/A,N/A,1970-01-01,77768973045654,False,N/A,False,,US_NYSE
397,US..VAEEM,Cboe VXEEM Ask,0,IDX,N/A,,N/A,,N/A,N/A,1970-01-01,77768973045655,False,N/A,False,,US_NYSE
398,US..VAF,标普方差期货结算价,0,IDX,N/A,,N/A,,N/A,N/A,1970-01-01,77768973045656,False,N/A,False,,US_NYSE
399,US..VAFH0,芝加哥期权交易所2020年3月标普方差期货收盘价,0,IDX,N/A,,N/A,,N/A,N/A,1970-01-01,77768973045657,False,N/A,False,,US_NYSE
400,US..VAFM0,芝加哥期权交易所2020年6月标普方差期货收盘价,0,IDX,N/A,,N/A,,N/A,N/A,1970-01-01,77768973045659,False,N/A,False,,US_NYSE
401,US..VAFZ0,芝加哥期权交易所2020年12月标普方差期货收盘价,0,IDX,N/A,,N/A,,N/A,N/A,1970-01-01,77768973045662,False,N/A,False,,US_NYSE
402,US..VAFZ1,芝加哥期权交易所2021年12月标普方差期货收盘价,0,IDX,N/A,,N/A,,N/A,N/A,1970-01-01,77768973045663,False,N/A,False,,US_NYSE
403,US..VBEEM,Cboe VXEEM Bid,0,IDX,N/A,,N/A,,N/A,N/A,1970-01-01,77768973045665,False,N/A,False,,US_NYSE
404,US..VIF,Far Term S&P 500 Volatility Index,0,IDX,N/A,,N/A,,N/A,N/A,1970-01-01,77768973045666,False,N/A,False,,US_CBOE
405,US..VIFMO,The Cboe Far-Term VIXMO Index,0,IDX,N/A,,N/A,,N/A,N/A,1970-01-01,77768973045667,False,N/A,False,,US_NYSE
406,US..VIN,Near Term S&P 500 Volatility Index,0,IDX,N/A,,N/A,,N/A,N/A,1970-01-01,77768973045668,False,N/A,False,,US_CBOE
407,US..VINMO,Cboe Near-Term VIXMO Index,0,IDX,N/A,,N/A,,N/A,N/A,1970-01-01,77768973045669,False,N/A,False,,US_NYSE
408,US..VINXE,Cboe SPX Near Term Expiry VIX Index,0,IDX,N/A,,N/A,,N/A,N/A,1970-01-01,77768973045670,False,N/A,False,,US_NYSE
409,US..VIX,标普500波动率指数,1,IDX,N/A,,N/A,,N/A,N/A,1970-01-01,77768973045671,False,N/A,False,,US_CBOE
410,US..VIX01W,芝加哥期权交易所01周期货波动率指数,0,IDX,N/A,,N/A,,N/A,N/A,1970-01-01,77768973045672,False,N/A,False,,US_NYSE
411,US..VIX02W,芝加哥期权交易所02周期货波动率指数,0,IDX,N/A,,N/A,,N/A,N/A,1970-01-01,77768973045673,False,N/A,False,,US_NYSE
412,US..VIX04W,芝加哥期权交易所04周期货波动率指数,0,IDX,N/A,,N/A,,N/A,N/A,1970-01-01,77768973045674,False,N/A,False,,US_NYSE
413,US..VIX05W,芝加哥期权交易所05周期货波动率指数,0,IDX,N/A,,N/A,,N/A,N/A,1970-01-01,77768973045675,False,N/A,False,,US_NYSE
414,US..VIX06W,芝加哥期权交易所06周期货波动率指数,0,IDX,N/A,,N/A,,N/A,N/A,1970-01-01,77768973045676,False,N/A,False,,US_NYSE
415,US..VIX08W,芝加哥期权交易所08周期货波动率指数,0,IDX,N/A,,N/A,,N/A,N/A,1970-01-01,77768973045677,False,N/A,False,,US_NYSE
416,US..VIX09W,芝加哥期权交易所09周期货波动率指数,0,IDX,N/A,,N/A,,N/A,N/A,1970-01-01,77768973045678,False,N/A,False,,US_NYSE
417,US..VIX10W,芝加哥期权交易所10周期货波动率指数,0,IDX,N/A,,N/A,,N/A,N/A,1970-01-01,77768973045679,False,N/A,False,,US_NYSE
418,US..VIX11W,芝加哥期权交易所11周期货波动率指数,0,IDX,N/A,,N/A,,N/A,N/A,1970-01-01,77768973045680,False,N/A,False,,US_NYSE
419,US..VIX12W,芝加哥期权交易所12周期货波动率指数,0,IDX,N/A,,N/A,,N/A,N/A,1970-01-01,77768973045681,False,N/A,False,,US_NYSE
420,US..VIX13W,芝加哥期权交易所13周期货波动率指数,0,IDX,N/A,,N/A,,N/A,N/A,1970-01-01,77768973045682,False,N/A,False,,US_NYSE
421,US..VIX14W,芝加哥期权交易所14周期货波动率指数,0,IDX,N/A,,N/A,,N/A,N/A,1970-01-01,77768973045683,False,N/A,False,,US_NYSE
422,US..VIX15W,芝加哥期权交易所15周期货波动率指数,0,IDX,N/A,,N/A,,N/A,N/A,1970-01-01,77768973045684,False,N/A,False,,US_NYSE
423,US..VIX17W,芝加哥期权交易所17周期货波动率指数,0,IDX,N/A,,N/A,,N/A,N/A,1970-01-01,77768973045685,False,N/A,False,,US_NYSE
424,US..VIX18W,芝加哥期权交易所18周期货波动率指数,0,IDX,N/A,,N/A,,N/A,N/A,1970-01-01,77768973045686,False,N/A,False,,US_NYSE
425,US..VIX19W,芝加哥期权交易所19周期货波动率指数,0,IDX,N/A,,N/A,,N/A,N/A,1970-01-01,77768973045687,False,N/A,False,,US_NYSE
426,US..VIX1D,标普500一日波动率指数,1,IDX,N/A,,N/A,,N/A,N/A,1970-01-01,83665963155235,False,N/A,False,,N/A
427,US..VIX1Y,Cboe S&P 500 1年期波动率指数,0,IDX,N/A,,N/A,,N/A,N/A,1970-01-01,77768973045688,False,N/A,False,,US_NYSE
428,US..VIX21W,芝加哥期权交易所21周期货波动率指数,0,IDX,N/A,,N/A,,N/A,N/A,1970-01-01,77768973045689,False,N/A,False,,US_NYSE
429,US..VIX22W,芝加哥期权交易所22周期货波动率指数,0,IDX,N/A,,N/A,,N/A,N/A,1970-01-01,77768973045690,False,N/A,False,,US_NYSE
430,US..VIX23W,芝加哥期权交易所23周期货波动率指数,0,IDX,N/A,,N/A,,N/A,N/A,1970-01-01,77768973045691,False,N/A,False,,US_NYSE
431,US..VIX24W,芝加哥期权交易所24周期货波动率指数,0,IDX,N/A,,N/A,,N/A,N/A,1970-01-01,77768973045692,False,N/A,False,,US_NYSE
432,US..VIX25W,芝加哥期权交易所25周期货波动率指数,0,IDX,N/A,,N/A,,N/A,N/A,1970-01-01,77768973045693,False,N/A,False,,US_NYSE
433,US..VIX26W,芝加哥期权交易所26周期货波动率指数,0,IDX,N/A,,N/A,,N/A,N/A,1970-01-01,77768973045694,False,N/A,False,,US_NYSE
434,US..VIX27W,芝加哥期权交易所27周期货波动率指数,0,IDX,N/A,,N/A,,N/A,N/A,1970-01-01,77768973045695,False,N/A,False,,US_NYSE
435,US..VIX28W,芝加哥期权交易所28周期货波动率指数,0,IDX,N/A,,N/A,,N/A,N/A,1970-01-01,77768973045696,False,N/A,False,,US_NYSE
436,US..VIX30W,芝加哥期权交易所30周期货波动率指数,0,IDX,N/A,,N/A,,N/A,N/A,1970-01-01,77768973045697,False,N/A,False,,US_NYSE
437,US..VIX31W,芝加哥期权交易所31周期货波动率指数,0,IDX,N/A,,N/A,,N/A,N/A,1970-01-01,77768973045698,False,N/A,False,,US_NYSE
438,US..VIX32W,芝加哥期权交易所32周期货波动率指数,0,IDX,N/A,,N/A,,N/A,N/A,1970-01-01,77768973045699,False,N/A,False,,US_NYSE
439,US..VIX33W,芝加哥期权交易所33周期货波动率指数,0,IDX,N/A,,N/A,,N/A,N/A,1970-01-01,77768973045700,False,N/A,False,,US_NYSE
440,US..VIX34W,芝加哥期权交易所34周期货波动率指数,0,IDX,N/A,,N/A,,N/A,N/A,1970-01-01,77768973045701,False,N/A,False,,US_NYSE
441,US..VIX35W,芝加哥期权交易所35周期货波动率指数,0,IDX,N/A,,N/A,,N/A,N/A,1970-01-01,77768973045702,False,N/A,False,,US_NYSE
442,US..VIX36W,芝加哥期权交易所36周期货波动率指数,0,IDX,N/A,,N/A,,N/A,N/A,1970-01-01,77768973045703,False,N/A,False,,US_NYSE
443,US..VIX37W,芝加哥期权交易所37周期货波动率指数,0,IDX,N/A,,N/A,,N/A,N/A,1970-01-01,77768973045704,False,N/A,False,,US_NYSE
444,US..VIX39W,芝加哥期权交易所39周期货波动率指数,0,IDX,N/A,,N/A,,N/A,N/A,1970-01-01,77768973045705,False,N/A,False,,US_NYSE
445,US..VIX3M,Cboe S&P 500 3个月波动率指数,0,IDX,N/A,,N/A,,N/A,N/A,1970-01-01,77768973045706,False,N/A,False,,US_NYSE
446,US..VIX40W,芝加哥期权交易所40周期货波动率指数,0,IDX,N/A,,N/A,,N/A,N/A,1970-01-01,77768973045707,False,N/A,False,,US_NYSE
447,US..VIX41W,Cboe VIX 41 Weekly Futures Index,0,IDX,N/A,,N/A,,N/A,N/A,1970-01-01,77768973045708,False,N/A,False,,US_NYSE
448,US..VIX6M,芝加哥期权交易所标普500 6个月波动率指数,0,IDX,N/A,,N/A,,N/A,N/A,1970-01-01,77768973045718,False,N/A,False,,US_NYSE
449,US..VIX9D,芝加哥期权交易所标普500 9天波动率指数,0,IDX,N/A,,N/A,,N/A,N/A,1970-01-01,77768973045719,False,N/A,False,,US_NYSE
450,US..VIXAPR,芝加哥期权交易所4月期货波动率指数,0,IDX,N/A,,N/A,,N/A,N/A,1970-01-01,77768973045720,False,N/A,False,,US_NYSE
451,US..VIXAUG,芝加哥期权交易所8月期货波动率指数,0,IDX,N/A,,N/A,,N/A,N/A,1970-01-01,77768973045721,False,N/A,False,,US_NYSE
452,US..VIXFEB,芝加哥期权交易所2月期货波动率指数,0,IDX,N/A,,N/A,,N/A,N/A,1970-01-01,77768973045723,False,N/A,False,,US_NYSE
453,US..VIXJAN,芝加哥期权交易所1月期货波动率指数,0,IDX,N/A,,N/A,,N/A,N/A,1970-01-01,77768973045724,False,N/A,False,,US_NYSE
454,US..VIXJUL,芝加哥期权交易所7月期货波动率指数,0,IDX,N/A,,N/A,,N/A,N/A,1970-01-01,77768973045725,False,N/A,False,,US_NYSE
455,US..VIXJUN,芝加哥期权交易所6月期货波动率指数,0,IDX,N/A,,N/A,,N/A,N/A,1970-01-01,77768973045726,False,N/A,False,,US_NYSE
456,US..VIXMAR,芝加哥期权交易所3月期货波动率指数,0,IDX,N/A,,N/A,,N/A,N/A,1970-01-01,77768973045727,False,N/A,False,,US_NYSE
457,US..VIXMAY,芝加哥期权交易所5月期货波动率指数,0,IDX,N/A,,N/A,,N/A,N/A,1970-01-01,77768973045728,False,N/A,False,,US_NYSE
458,US..VIXMO,Cboe Standard Monthly Only Volatility Index,0,IDX,N/A,,N/A,,N/A,N/A,1970-01-01,77768973045729,False,N/A,False,,US_NYSE
459,US..VPD,芝加哥期权交易所策略溢价波动率指数,0,IDX,N/A,,N/A,,N/A,N/A,1970-01-01,77768973045733,False,N/A,False,,US_NYSE
460,US..VPN,Cboe Capped VIX Premium Strategy Index,0,IDX,N/A,,N/A,,N/A,N/A,1970-01-01,77768973045734,False,N/A,False,,US_NYSE
461,US..VRO,标普500波动率结算指数,0,IDX,N/A,,N/A,,N/A,N/A,1970-01-01,77768973045735,False,N/A,False,,US_NYSE
462,US..VSTF,Cboe SPX Far-Term VXST Index,0,IDX,N/A,,N/A,,N/A,N/A,1970-01-01,77768973045736,False,N/A,False,,US_NYSE
463,US..VSTG,The Cboe VIX Strangle Index,0,IDX,N/A,,N/A,,N/A,N/A,1970-01-01,77768973045737,False,N/A,False,,US_NYSE
464,US..VSTN,Cboe SPX Near-Term VXST Index,0,IDX,N/A,,N/A,,N/A,N/A,1970-01-01,77768973045738,False,N/A,False,,US_NYSE
465,US..VVIX,VVIX Index,0,IDX,N/A,,N/A,,N/A,N/A,1970-01-01,77768973045740,False,N/A,False,,US_NYSE
466,US..VW1VX,Cboe Near-Term VIX Future Contract 3 Minute VWAP,0,IDX,N/A,,N/A,,N/A,N/A,1970-01-01,77768973045741,False,N/A,False,,US_CBOE
467,US..VW2VX,Cboe Second-Term VIX Future Contract 3 Minute VWAP,0,IDX,N/A,,N/A,,N/A,N/A,1970-01-01,77768973045742,False,N/A,False,,US_CBOE
468,US..VW3VX,Cboe Third-Term VIX Future Contract 3 Minute VWAP,0,IDX,N/A,,N/A,,N/A,N/A,1970-01-01,77768973045743,False,N/A,False,,US_CBOE
469,US..VWA,Cboe Market Volatility SPX Offer Price,0,IDX,N/A,,N/A,,N/A,N/A,1970-01-01,77768973045744,False,N/A,False,,US_CBOE
470,US..VWB,Cboe Market Volatility SPX Bid Price,0,IDX,N/A,,N/A,,N/A,N/A,1970-01-01,77768973045745,False,N/A,False,,US_CBOE
471,US..VX1YA,Cboe VIX2Y Indicative Ask,0,IDX,N/A,,N/A,,N/A,N/A,1970-01-01,77768973045746,False,N/A,False,,US_NYSE
472,US..VX1YB,Cboe VIX2Y Indicative Bid,0,IDX,N/A,,N/A,,N/A,N/A,1970-01-01,77768973045747,False,N/A,False,,US_NYSE
473,US..VX1YF,Cboe Far-Term VIX2Y,0,IDX,N/A,,N/A,,N/A,N/A,1970-01-01,77768973045748,False,N/A,False,,US_NYSE
474,US..VX1YN,Cboe Near-Term VIX2Y,0,IDX,N/A,,N/A,,N/A,N/A,1970-01-01,77768973045749,False,N/A,False,,US_NYSE
475,US..VX3MA,Cboe VIX4M Indicative Ask,0,IDX,N/A,,N/A,,N/A,N/A,1970-01-01,77768973045750,False,N/A,False,,US_NYSE
476,US..VX3MB,Cboe VIX4M Indicative Bid,0,IDX,N/A,,N/A,,N/A,N/A,1970-01-01,77768973045751,False,N/A,False,,US_NYSE
477,US..VX3MF,Cboe Far-Term VIX4M,0,IDX,N/A,,N/A,,N/A,N/A,1970-01-01,77768973045752,False,N/A,False,,US_NYSE
478,US..VX3MN,Cboe Near-Term VIX4M,0,IDX,N/A,,N/A,,N/A,N/A,1970-01-01,77768973045753,False,N/A,False,,US_NYSE
479,US..VXAPL,芝加哥期权交易所苹果波动率指数,0,IDX,N/A,,N/A,,N/A,N/A,1970-01-01,77768973045754,False,N/A,False,,US_NYSE
480,US..VXAZN,芝加哥期权交易所亚马逊波动率指数,0,IDX,N/A,,N/A,,N/A,N/A,1970-01-01,77768973045755,False,N/A,False,,US_NYSE
481,US..VXB,Jumbo Cboe Volatility,0,IDX,N/A,,N/A,,N/A,N/A,1970-01-01,77768973045756,False,N/A,False,,US_NYSE
482,US..VXD,DJIA Volatility,0,IDX,N/A,,N/A,,N/A,N/A,1970-01-01,77768973045757,False,N/A,False,,US_NYSE
483,US..VXDEC,芝加哥期权交易所标普500 12月波动率指数,0,IDX,N/A,,N/A,,N/A,N/A,1970-01-01,77768973045758,False,N/A,False,,US_NYSE
484,US..VXEEM,芝加哥期权交易所新兴市场ETF波动率指数,0,IDX,N/A,,N/A,,N/A,N/A,1970-01-01,77768973045759,False,N/A,False,,US_NYSE
485,US..VXEFA,Cboe EFA ETF Volatility Index,0,IDX,N/A,,N/A,,N/A,N/A,1970-01-01,77768973045760,False,N/A,False,,US_NYSE
486,US..VXEWZ,芝加哥期权交易所巴西ETF波动率指数,0,IDX,N/A,,N/A,,N/A,N/A,1970-01-01,77768973045761,False,N/A,False,,US_NYSE
487,US..VXFWA,VOL Index First Implied Voltality,0,IDX,N/A,,N/A,,N/A,N/A,1970-01-01,77768973045762,False,N/A,False,,US_NYSE
488,US..VXFWB,VOL Index Second Forward Implied Voltality,0,IDX,N/A,,N/A,,N/A,N/A,1970-01-01,77768973045763,False,N/A,False,,US_NYSE
489,US..VXFXI,芝加哥期权交易所中国ETF波动率指数,0,IDX,N/A,,N/A,,N/A,N/A,1970-01-01,77768973045764,False,N/A,False,,US_NYSE
490,US..VXGDX,芝加哥期权交易所黄金矿业ETF波动率指数,0,IDX,N/A,,N/A,,N/A,N/A,1970-01-01,77768973045765,False,N/A,False,,US_NYSE
491,US..VXGOG,芝加哥期权交易所谷歌波动率指数,0,IDX,N/A,,N/A,,N/A,N/A,1970-01-01,77768973045766,False,N/A,False,,US_NYSE
492,US..VXGS,Cboe Goldman Sachs VIX,0,IDX,N/A,,N/A,,N/A,N/A,1970-01-01,77768973045767,False,N/A,False,,US_NYSE
493,US..VXHYG,Cboe高收益公司债券ETF波动率指数,0,IDX,N/A,,N/A,,N/A,N/A,1970-01-01,77768973045768,False,N/A,False,,US_NYSE
494,US..VXIBM,Cboe IBM VIX,0,IDX,N/A,,N/A,,N/A,N/A,1970-01-01,77768973045769,False,N/A,False,,US_NYSE
495,US..VXIEF,Cboe 7-10年期美国国债ETF波动率指数,0,IDX,N/A,,N/A,,N/A,N/A,1970-01-01,77768973045770,False,N/A,False,,US_NYSE
496,US..VXJUN,Cboe标普500 6月波动率指数,0,IDX,N/A,,N/A,,N/A,N/A,1970-01-01,77768973045771,False,N/A,False,,US_NYSE
497,US..VXMAR,Cboe标普500 3月波动率指数,0,IDX,N/A,,N/A,,N/A,N/A,1970-01-01,77768973045772,False,N/A,False,,US_NYSE
498,US..VXN,NASDAQ 100 Volatility,0,IDX,N/A,,N/A,,N/A,N/A,1970-01-01,77768973045773,False,N/A,False,,US_NYSE
499,US..VXO,Cboe OEX Implied Volatility,0,IDX,N/A,,N/A,,N/A,N/A,1970-01-01,77768973045774,False,N/A,False,,US_NYSE
500,US..VXS,Cboe Volatility Index Options Settlement Price,0,IDX,N/A,,N/A,,N/A,N/A,1970-01-01,77768973045775,False,N/A,False,,US_NYSE
501,US..VXSEP,Cboe标普500 9月波动率指数,0,IDX,N/A,,N/A,,N/A,N/A,1970-01-01,77768973045776,False,N/A,False,,US_NYSE
502,US..VXSLV,Cboe白银ETF波动率指数,0,IDX,N/A,,N/A,,N/A,N/A,1970-01-01,77768973045777,False,N/A,False,,US_NYSE
503,US..VXTA1,Cboe 1st VIX Futures TAS Ask Price Index,0,IDX,N/A,,N/A,,N/A,N/A,1970-01-01,77768973045778,False,N/A,False,,US_NYSE
504,US..VXTA2,Cboe 2nd VIX Futures TAS Ask Price Index,0,IDX,N/A,,N/A,,N/A,N/A,1970-01-01,77768973045779,False,N/A,False,,US_NYSE
505,US..VXTA3,Cboe 3rd VIX Futures TAS Ask Price Index,0,IDX,N/A,,N/A,,N/A,N/A,1970-01-01,77768973045780,False,N/A,False,,US_NYSE
506,US..VXTB1,Cboe 1st VIX Futures TAS Bid Price Index,0,IDX,N/A,,N/A,,N/A,N/A,1970-01-01,77768973045781,False,N/A,False,,US_NYSE
507,US..VXTB2,Cboe 2nd VIX Futures TAS Bid Price Index,0,IDX,N/A,,N/A,,N/A,N/A,1970-01-01,77768973045782,False,N/A,False,,US_NYSE
508,US..VXTB3,Cboe 3rd VIX Futures TAS Bid Price Index,0,IDX,N/A,,N/A,,N/A,N/A,1970-01-01,77768973045783,False,N/A,False,,US_NYSE
509,US..VXTH,Cboe VIX Tail Hedge Index,0,IDX,N/A,,N/A,,N/A,N/A,1970-01-01,77768973045784,False,N/A,False,,US_NYSE
510,US..VXTLT,Cboe 20年以上国债ETF波动率指数,0,IDX,N/A,,N/A,,N/A,N/A,1970-01-01,77768973045785,False,N/A,False,,US_NYSE
511,US..VXTYS,Cboe / CBOT 10年期美国国债波动率指数结算价,0,IDX,N/A,,N/A,,N/A,N/A,1970-01-01,77768973045786,False,N/A,False,,US_NYSE
512,US..VXW3,Cboe SPX Week 3 Strip Expiration VIX Index,0,IDX,N/A,,N/A,,N/A,N/A,1970-01-01,77768973045787,False,N/A,False,,US_NYSE
513,US..VXW4,Cboe SPX Week 4 Strip Expiration VIX Index,0,IDX,N/A,,N/A,,N/A,N/A,1970-01-01,77768973045788,False,N/A,False,,US_NYSE
514,US..VXW5,Cboe SPX Week 5 Strip Expiration VIX Index,0,IDX,N/A,,N/A,,N/A,N/A,1970-01-01,77768973045789,False,N/A,False,,US_NYSE
515,US..VXW6,Cboe SPX Week 6 Strip Expiration VIX Index,0,IDX,N/A,,N/A,,N/A,N/A,1970-01-01,77768973045790,False,N/A,False,,US_NYSE
516,US..VXXLE,Cboe能源行业ETF波动率指数,0,IDX,N/A,,N/A,,N/A,N/A,1970-01-01,77768973045791,False,N/A,False,,US_NYSE
517,US..W5000FLT,Wilshire 5000 Total Market Index,0,IDX,N/A,,N/A,,N/A,N/A,1970-01-01,213273,False,N/A,False,,N/A
518,US..W5KLC,Wilshire US Large Cap,0,IDX,N/A,,N/A,,N/A,N/A,1970-01-01,213274,False,N/A,False,,N/A
519,US..W5KMC,Wilshire US Mid Cap,0,IDX,N/A,,N/A,,N/A,N/A,1970-01-01,213275,False,N/A,False,,N/A
520,US..W5KMICRO,Wilshire US Micro Cap,0,IDX,N/A,,N/A,,N/A,N/A,1970-01-01,213277,False,N/A,False,,N/A
521,US..W5KSC,Wilshire US Small Cap,0,IDX,N/A,,N/A,,N/A,N/A,1970-01-01,213276,False,N/A,False,,N/A
522,US..WPUT,Cboe S&P 500 One-Week PutWrite Index,0,IDX,N/A,,N/A,,N/A,N/A,1970-01-01,77768973045792,False,N/A,False,,US_NYSE
523,US..XAU,费城金银指数,1,IDX,N/A,,N/A,,N/A,N/A,1970-01-01,79323751208281,False,N/A,False,,US_NASDAQ
524,US..XEO,标准普尔100指数(欧式),0,IDX,N/A,,N/A,,N/A,N/A,1970-01-01,77768973045840,False,N/A,False,,US_NYSE
525,US..XQC,纳斯达克100PM结算指数,1,IDX,N/A,,N/A,,N/A,N/A,1970-01-01,84073985050920,False,N/A,False,,US_NYSE
526,US..XQO,纳斯达克100结算指数,1,IDX,N/A,,N/A,,N/A,N/A,1970-01-01,84073985050919,False,N/A,False,,US_NYSE
527,US..XSM,S&P 600 Settlement Reduced,0,IDX,N/A,,N/A,,N/A,N/A,1970-01-01,77768973045793,False,N/A,False,,US_NYSE
528,US..XSP,迷你标准普尔500,0,IDX,N/A,,N/A,,N/A,N/A,1970-01-01,77768973045841,False,N/A,False,,US_NYSE
529,US..XSPAM,迷你SPX指数(AM结算),0,IDX,N/A,,N/A,,N/A,N/A,1970-01-01,77768973045842,False,N/A,False,,US_NYSE
530,US..XSR,S&P 500 Settlement Reduced,0,IDX,N/A,,N/A,,N/A,N/A,1970-01-01,77768973045794,False,N/A,False,,US_NYSE
